target,R2_CV,RMSE_CV,MAE_CV,R2_Full,RMSE_Full,MAE_Full
temp_wastewater_in,0.6959832552563172,1.4002056807000451,0.9676027656830926,0.6797323102493925,1.4411827323637896,1.0097736384077352
bod_in,0.3214424681571547,50.20681338630341,36.39507101539531,0.3541298952237466,49.03080986789818,35.399777695891885
cod_in,0.25843281481281377,92.9499603140081,65.73011751304807,0.2987637640838098,90.48119163003554,63.444224252898415
tss_in,0.1537861971329833,60.60164334660294,44.398176000517864,0.1628083902551103,60.32488395351564,43.5946540814772
ph_in,0.8110804387607372,0.24175905357181238,0.16131811057409587,0.8243046867141104,0.23382236731863154,0.16160232493998503
flowrate_in,0.04465145689138002,40833.705229449195,29313.417043640686,0.20656150169002507,37348.73489010946,26818.31027211914
