target,R2_CV,RMSE_CV,MAE_CV,R2_Full,RMSE_Full,MAE_Full
bod_out,-0.2832741240390321,14.596866988227779,7.940285896795842,0.4553857603164937,10.174230150783734,5.416109982161637
cod_out,0.20054621886195684,41.84054472562031,25.639032489176554,0.4251814547161933,35.62450825969773,20.137585198306844
tss_out,-0.04041555267553507,36.517120447373145,21.300838523616573,0.4025392854492995,28.07020800085492,15.170199164236756
ph_out,-2.7971339048818793,1.781074813285225,0.6753689623802491,0.38963550651969714,1.1289916783097378,0.2800382234513646
temp_effluent_out,0.8386630503940186,1.0888107987703637,0.7003209513682079,0.9297360803857293,0.7209505405040969,0.5269410427196465
